{"stats":{"minecraft:mined":{"minecraft:grass":1,"minecraft:jungle_leaves":9,"minecraft:vine":4,"minecraft:jungle_log":4,"minecraft:oak_leaves":8},"minecraft:picked_up":{"minecraft:jungle_log":4},"minecraft:custom":{"minecraft:jump":36,"minecraft:time_since_rest":49799,"minecraft:damage_taken":40,"minecraft:play_time":49799,"minecraft:leave_game":2,"minecraft:sprint_one_cm":309,"minecraft:time_since_death":49799,"minecraft:walk_one_cm":4922,"minecraft:climb_one_cm":1361,"minecraft:total_world_time":49799,"minecraft:fall_one_cm":1367,"minecraft:fly_one_cm":1206}},"DataVersion":3465}