{"stats":{"minecraft:mined":{"minecraft:grass":1,"minecraft:jungle_leaves":9,"minecraft:vine":4,"minecraft:jungle_log":4,"minecraft:oak_leaves":8},"minecraft:dropped":{"minecraft:cooked_beef":32},"minecraft:picked_up":{"minecraft:jungle_log":4},"minecraft:custom":{"minecraft:jump":56,"minecraft:time_since_rest":109283,"minecraft:damage_dealt":40,"minecraft:crouch_one_cm":130,"minecraft:damage_taken":40,"minecraft:play_time":109283,"minecraft:leave_game":4,"minecraft:sprint_one_cm":2567,"minecraft:time_since_death":109283,"minecraft:walk_one_cm":8314,"minecraft:walk_under_water_one_cm":284,"minecraft:sneak_time":203,"minecraft:climb_one_cm":1510,"minecraft:total_world_time":109283,"minecraft:drop":1,"minecraft:fall_one_cm":1367,"minecraft:fly_one_cm":47253}},"DataVersion":3465}