{"stats":{"minecraft:mined":{"minecraft:grass":1,"minecraft:jungle_leaves":9,"minecraft:vine":4,"minecraft:jungle_log":4,"minecraft:oak_leaves":8},"minecraft:custom":{"minecraft:jump":62,"minecraft:time_since_rest":152526,"minecraft:damage_taken":40,"minecraft:damage_dealt":80,"minecraft:crouch_one_cm":130,"minecraft:leave_game":6,"minecraft:sprint_one_cm":4684,"minecraft:play_time":152526,"minecraft:time_since_death":152526,"minecraft:walk_one_cm":9238,"minecraft:sneak_time":227,"minecraft:total_world_time":152526,"minecraft:climb_one_cm":1825,"minecraft:walk_under_water_one_cm":284,"minecraft:drop":1,"minecraft:fall_one_cm":1367,"minecraft:fly_one_cm":58249},"minecraft:dropped":{"minecraft:cooked_beef":32},"minecraft:picked_up":{"minecraft:jungle_log":4}},"DataVersion":3465}