{"stats":{"minecraft:mined":{"minecraft:grass":1,"minecraft:jungle_leaves":9,"minecraft:vine":4,"minecraft:jungle_log":4,"minecraft:oak_leaves":8},"minecraft:picked_up":{"minecraft:jungle_log":4},"minecraft:custom":{"minecraft:jump":52,"minecraft:time_since_rest":97367,"minecraft:damage_dealt":40,"minecraft:crouch_one_cm":130,"minecraft:damage_taken":40,"minecraft:play_time":97367,"minecraft:leave_game":3,"minecraft:sprint_one_cm":1770,"minecraft:time_since_death":97367,"minecraft:walk_one_cm":7490,"minecraft:walk_under_water_one_cm":284,"minecraft:sneak_time":187,"minecraft:climb_one_cm":1386,"minecraft:total_world_time":97367,"minecraft:fall_one_cm":1367,"minecraft:fly_one_cm":44560}},"DataVersion":3465}