{"stats":{"minecraft:mined":{"minecraft:grass":1,"minecraft:jungle_leaves":9,"minecraft:vine":4,"minecraft:jungle_log":4,"minecraft:oak_leaves":8},"minecraft:picked_up":{"minecraft:jungle_log":4},"minecraft:custom":{"minecraft:jump":52,"minecraft:time_since_rest":85367,"minecraft:damage_dealt":30,"minecraft:crouch_one_cm":130,"minecraft:damage_taken":40,"minecraft:play_time":85367,"minecraft:leave_game":3,"minecraft:sprint_one_cm":1770,"minecraft:time_since_death":85367,"minecraft:walk_one_cm":7490,"minecraft:sneak_time":104,"minecraft:climb_one_cm":1361,"minecraft:total_world_time":85367,"minecraft:fall_one_cm":1367,"minecraft:fly_one_cm":37119}},"DataVersion":3465}