{"stats":{"minecraft:mined":{"minecraft:grass":2,"minecraft:grass_block":3,"minecraft:oak_log":8,"minecraft:oak_leaves":5,"minecraft:fern":2},"minecraft:crafted":{"minecraft:oak_planks":32},"minecraft:killed_by":{"minecraft:skeleton":2},"minecraft:picked_up":{"minecraft:cooked_beef":32,"minecraft:oak_log":8,"minecraft:dirt":3},"minecraft:custom":{"minecraft:time_since_rest":6994,"minecraft:deaths":3,"minecraft:crouch_one_cm":183,"minecraft:play_time":20470,"minecraft:sprint_one_cm":6514,"minecraft:damage_taken":620,"minecraft:walk_one_cm":17177,"minecraft:sneak_time":287,"minecraft:walk_under_water_one_cm":9367,"minecraft:jump":205,"minecraft:damage_dealt":155,"minecraft:leave_game":3,"minecraft:walk_on_water_one_cm":9336,"minecraft:time_since_death":6906,"minecraft:climb_one_cm":4734,"minecraft:total_world_time":20470,"minecraft:swim_one_cm":5672,"minecraft:fly_one_cm":12719,"minecraft:fall_one_cm":7255},"minecraft:used":{"minecraft:dirt":3,"minecraft:cooked_beef":1}},"DataVersion":3465}