{"stats":{"minecraft:mined":{"minecraft:oak_leaves":3},"minecraft:killed_by":{"minecraft:skeleton":2},"minecraft:custom":{"minecraft:jump":113,"minecraft:time_since_rest":922,"minecraft:damage_taken":590,"minecraft:walk_one_cm":9768,"minecraft:damage_dealt":155,"minecraft:crouch_one_cm":183,"minecraft:leave_game":2,"minecraft:sprint_one_cm":3193,"minecraft:play_time":14398,"minecraft:time_since_death":834,"minecraft:walk_on_water_one_cm":8460,"minecraft:deaths":3,"minecraft:sneak_time":266,"minecraft:total_world_time":14398,"minecraft:climb_one_cm":4155,"minecraft:walk_under_water_one_cm":9031,"minecraft:swim_one_cm":3555,"minecraft:fall_one_cm":4497,"minecraft:fly_one_cm":5926}},"DataVersion":3465}